Nuts,Observation_Value
IE052,13.271286
IE041,9.0617
IE051,14.986466
IE053,23.266635
IE061,90.146137
IE042,13.388727
IE062,20.628451
IE063,6.986649
